[
  {
    "id": 1,
    "name": "Wine - White, Pinot Grigio",
    "price": "$46.72",
    "aisle": 15,
    "image": "http://dummyimage.com/159x214.png/ff4444/ffffff",
    "inventory": 92,
    "featured": true
  },
  {
    "id": 2,
    "name": "Wine - Ej Gallo Sonoma",
    "price": "$52.79",
    "image": "http://dummyimage.com/215x175.png/ff4444/ffffff",
    "inventory": 0,
    "featured": false
  },
  {
    "id": 3,
    "name": "Tomatoes - Cherry, Yellow",
    "price": "$66.78",
    "aisle": 2,
    "image": "http://dummyimage.com/109x167.png/dddddd/000000",
    "inventory": 0,
    "featured": true
  },
  {
    "id": 4,
    "name": "Wine - Red, Wolf Blass, Yellow",
    "price": "$18.93",
    "aisle": 13,
    "image": "http://dummyimage.com/241x222.png/ff4444/ffffff",
    "inventory": 11
  },
  {
    "id": 5,
    "name": "Durian Fruit",
    "price": "$61.57",
    "aisle": 4,
    "image": "http://dummyimage.com/247x197.png/dddddd/000000",
    "inventory": 26,
    "featured": true
  },
  {
    "id": 6,
    "name": "Soup - Campbells, Creamy",
    "price": "$82.14",
    "aisle": 11,
    "image": "http://dummyimage.com/172x172.png/dddddd/000000",
    "inventory": 41,
    "featured": false
  },
  {
    "id": 7,
    "name": "Tray - 12in Rnd Blk",
    "price": "$35.98",
    "aisle": 5,
    "image": "http://dummyimage.com/202x141.png/5fa2dd/ffffff",
    "inventory": 41,
    "featured": false
  },
  {
    "id": 8,
    "name": "Bread - Rosemary Focaccia",
    "price": "$45.41",
    "aisle": 5,
    "image": "http://dummyimage.com/116x170.png/5fa2dd/ffffff",
    "inventory": 64,
    "featured": false
  },
  {
    "id": 9,
    "name": "Cake - French Pear Tart",
    "price": "$70.73",
    "aisle": 20,
    "image": "http://dummyimage.com/155x134.png/5fa2dd/ffffff",
    "inventory": 82,
    "featured": false
  },
  {
    "id": 10,
    "name": "Duck - Fat",
    "price": "$5.62",
    "aisle": 3,
    "image": "http://dummyimage.com/245x219.png/ff4444/ffffff",
    "inventory": 18,
    "featured": true
  },
  {
    "id": 11,
    "name": "Scallops - Live In Shell",
    "price": "$17.85",
    "aisle": 11,
    "image": "http://dummyimage.com/180x217.png/cc0000/ffffff",
    "inventory": null,
    "featured": false
  },
  {
    "id": 12,
    "name": "Honey - Comb",
    "price": "$81.63",
    "aisle": 8,
    "image": "http://dummyimage.com/207x166.png/ff4444/ffffff",
    "inventory": 57,
    "featured": true
  },
  {
    "id": 13,
    "name": "Steel Wool",
    "price": "$68.71",
    "aisle": 17,
    "image": "http://dummyimage.com/196x154.png/cc0000/ffffff",
    "inventory": 50,
    "featured": false
  },
  {
    "id": 14,
    "name": "Juice - Orange, 341 Ml",
    "price": "$60.11",
    "aisle": 5,
    "image": "http://dummyimage.com/101x203.png/dddddd/000000",
    "inventory": 19,
    "featured": false
  },
  {
    "id": 15,
    "name": "Cake - Mini Cheesecake",
    "price": "$92.05",
    "aisle": 18,
    "image": "http://dummyimage.com/180x229.png/dddddd/000000",
    "inventory": 9,
    "featured": true
  },
  {
    "id": 16,
    "name": "Table Cloth 54x72 Colour",
    "price": "$52.03",
    "aisle": 18,
    "image": "http://dummyimage.com/210x220.png/ff4444/ffffff",
    "inventory": 15,
    "featured": false
  },
  {
    "id": 17,
    "name": "Beef - Prime Rib Aaa",
    "price": "$93.77",
    "aisle": 19,
    "image": "http://dummyimage.com/219x201.png/ff4444/ffffff",
    "inventory": 73,
    "featured": true
  },
  {
    "id": 18,
    "name": "Cheese - Augre Des Champs",
    "price": "$90.36",
    "aisle": 15,
    "image": "http://dummyimage.com/203x185.png/cc0000/ffffff",
    "inventory": 17,
    "featured": true
  },
  {
    "id": 19,
    "name": "Ice Cream Bar - Oreo Sandwich",
    "price": "$55.81",
    "aisle": 6,
    "image": "http://dummyimage.com/171x207.png/cc0000/ffffff",
    "inventory": 97,
    "featured": false
  },
  {
    "id": 20,
    "name": "Initation Crab Meat",
    "price": "$52.81",
    "aisle": 11,
    "image": "http://dummyimage.com/114x110.png/dddddd/000000",
    "inventory": 26,
    "featured": true
  },
  {
    "id": 21,
    "name": "Chicken - Bones",
    "price": "$28.30",
    "aisle": 9,
    "image": "http://dummyimage.com/177x151.png/dddddd/000000",
    "inventory": 7,
    "featured": false
  },
  {
    "id": 22,
    "name": "Chocolate - Chips Compound",
    "price": "$56.23",
    "aisle": 2,
    "inventory": 0,
    "featured": true
  },
  {
    "id": 23,
    "name": "Wine - White, Antinore Orvieto",
    "price": "$25.01",
    "aisle": 19,
    "image": "http://dummyimage.com/218x197.png/cc0000/ffffff",
    "inventory": 89,
    "featured": false
  },
  {
    "id": 24,
    "name": "Curry Paste - Green Masala",
    "price": "$92.85",
    "aisle": 19,
    "image": "http://dummyimage.com/105x191.png/5fa2dd/ffffff",
    "inventory": 92,
    "featured": false
  },
  {
    "id": 25,
    "name": "Haggis",
    "price": "$42.85",
    "aisle": 14,
    "image": "http://dummyimage.com/218x204.png/dddddd/000000",
    "inventory": 10,
    "featured": true
  }
]
